Handle,Title,"Variant SKU","Variant Price","Variant Inventory Qty"
tom-xp,"TOM XP","TOM XP",0.00,0
ss-hd-2pk-blk-wob,"SS HD 2PK BLK WOB","SS HD 2PK BLK WOB",0.00,0
gss-br,"GSS BR","GSS BR",0.00,0
dfp-04,"DFP 04","DFP 04",0.00,0
gs-ac,"GS AC","GS AC",0.00,0
pnb-wd-hd-blk,"PNB WD HD BLK","PNB WD HD BLK",0.00,0
mx-12ch,"MX 12CH","MX 12CH",0.00,0
mus-fld-hd-acc-blu,"MUS FLD HD ACC BLU","MUS FLD HD ACC BLU",0.00,0
tbms-80-hd,"TBMS 80 HD","TBMS 80 HD",0.00,0
ds-ch-blk,"DS CH BLK","DS CH BLK",0.00,0
ds-ch-org,"DS CH ORG","DS CH ORG",0.00,0
du-40w,"DU 40W","DU 40W",0.00,0
hise-15x5-4pcs,"HISE 15X5 4Pcs","HISE 15X5 4Pcs",0.00,0
ks-z1-red-hd,"KS Z1 RED HD","KS Z1 RED HD",0.00,0
ss-hd-2pk-blk-bag,"SS HD 2PK BLK BAG","SS HD 2PK BLK BAG",0.00,0
grack-3n1-oval,"GRack 3N1 OVAL","GRack 3N1 OVAL",0.00,0
ss-eco-2pk-org-wob,"SS ECO 2PK ORG WOB","SS ECO 2PK ORG WOB",0.00,0
mc-03-2pcs,"MC-03 2PCS","MC-03 2PCS",0.00,0
gss-blu,"GSS BLU","GSS BLU",0.00,0
mc-01-2-pcs,"MC-01 2 PCS","MC-01 2 PCS",0.00,0
ds-ch-gr-pr-hd,"DS CH GR PR HD","DS CH GR PR HD",0.00,0
grack-9n1,"GRack 9N1","GRack 9N1",0.00,0
mx-8ch-l,"MX 8CH L","MX 8CH L",0.00,0
pm-286-wh-2pcs,"PM 286 WH 2PCS","PM 286 WH 2PCS",0.00,0
ms-rbs-boom,"MS RBS BOOM","MS RBS BOOM",0.00,0
ms-dbl-g-ylw,"MS DBL G YLW","MS DBL G YLW",0.00,0
ks-z1-blu,"KS Z1 BLU","KS Z1 BLU",0.00,0
ss-hd-1pk-blk-bag--1,"SS HD 1PK BLK BAG -1","SS HD 1PK BLK BAG -1",0.00,0
ls-100-2pcs,"LS 100 2PCS","LS 100 2PCS",0.00,0
ms-rbl-3t,"MS RBL 3T","MS RBL 3T",0.00,0
ss-eco-1pk-blk-wob,"SS ECO 1PK BLK WoB","SS ECO 1PK BLK WoB",0.00,0
ks-1x-blk,"KS 1X BLK","KS 1X BLK",0.00,0
mus-fld-blk,"MUS FLD BLK","MUS FLD BLK",0.00,0
ks-z1-wh,"KS Z1 WH","KS Z1 WH",0.00,0
rack-stand-16u,"RACK STAND 16U","RACK STAND 16U",0.00,0
ks-2x-red,"KS 2X RED","KS 2X RED",0.00,0
gfs-wd,"GFS WD","GFS WD",0.00,0
mus-mh,"MUS MH","MUS MH",0.00,0
mx-4ch-org,"MX 4CH ORG","MX 4CH ORG",0.00,0
grack-3n1,"GRack 3N1","GRack 3N1",0.00,0
ds-ch-blu-sdl-hd,"DS CH BLU SDL HD","DS CH BLU SDL HD",0.00,0
ds-ch-gr,"DS CH GR","DS CH GR",0.00,0
ds-ch-blk-vel-hd,"DS CH BLK VEL HD","DS CH BLK VEL HD",0.00,0
ds-ch-blk-rest-lvr,"DS CH BLK REST-LVR","DS CH BLK REST-LVR",0.00,0
ds-ch-br-sdl-hd,"DS CH BR SDL HD","DS CH BR SDL HD",0.00,0
ss-hd-2pk-3ft-ylw-bag,"SS HD 2PK 3FT YLW BAG","SS HD 2PK 3FT YLW BAG",0.00,0
pm-757,"PM 757","PM 757",0.00,0
ss-hd-2pc-3ft-blk-bag,"SS HD 2PC 3FT BLK BAG","SS HD 2PC 3FT BLK BAG",0.00,0
grack-5n1,"GRack 5N1","GRack 5N1",0.00,0
gsh-2n1,"GSH 2N1","GSH 2N1",0.00,0
dm-7rnd-red,"DM 7RND RED","DM 7RND RED",0.00,0
mssb,MSSB,MSSB,0.00,0
ks-2x-blk,"KS 2X BLK","KS 2X BLK",0.00,0
dm-7acc-blk,"DM 7ACC BLK","DM 7ACC BLK",0.00,0
mus-fld-4s-blk,"MUS FLD 4S BLK","MUS FLD 4S BLK",0.00,0
kbb-blk-hd,"KBB BLK HD","KBB BLK HD",0.00,0
grack-7n1,"GRack 7N1","GRack 7N1",0.00,0
ss-hd-1-pk-4-5-ft-blk-wob,"SS HD 1 PK 4.5 FT BLK WOB","SS HD 1 PK 4.5 FT BLK WOB",0.00,0
capo-gld,"CAPO GLD","CAPO GLD",0.00,0
ks-2x-hand,"KS 2X HAND","KS 2X HAND",0.00,0
mus-fld-wh,"MUS FLD WH","MUS FLD WH",0.00,0
kbb-wh-hd,"KBB WH HD","KBB WH HD",0.00,0
g-pick-h-wh-12pk,"G PICK H WH 12PK","G PICK H WH 12PK",0.00,0
ss-hd-2pk-3ft-wh-bag,"SS HD 2PK 3FT WH BAG","SS HD 2PK 3FT WH BAG",0.00,0
wf-12120-8ohms,"WF 12120 8OHMS","WF 12120 8OHMS",0.00,0
ks-2t,"KS 2T","KS 2T",0.00,0
148-led,"148 LED","148 LED",0.00,0
grack-7n1-oval,"GRack 7N1 OVAL","GRack 7N1 OVAL",0.00,0
ctg-n-20pcs,"CTG-N 20Pcs","CTG-N 20Pcs",0.00,0
ss-hd-1-pk-sky-blu-bag,"SS HD 1 PK SKY BLU BAG","SS HD 1 PK SKY BLU BAG",0.00,0
rh-16,"RH 16","RH 16",0.00,0
amp-200+200,"AMP 200+200","AMP 200+200",0.00,0
ds-ch-org-vel-hd,"DS CH ORG VEL HD","DS CH ORG VEL HD",0.00,0
mc-04-2pcs,"MC 04 2PCS","MC 04 2PCS",0.00,0
ds-01-d-gr,"DS 01 D-GR","DS 01 D-GR",0.00,0
ms-080-red,"MS 080 RED","MS 080 RED",0.00,0
ls-tb35,"LS TB35","LS TB35",0.00,0
138-ru,"138 RU","138 RU",0.00,0
fog-750-org,"FOG 750 ORG","FOG 750 ORG",0.00,0
pm-18,"PM 18","PM 18",0.00,0
grack-9n1-oval,"GRack 9N1 OVAL","GRack 9N1 OVAL",0.00,0
ds-ch-red-vel-hd,"DS CH RED VEL HD","DS CH RED VEL HD",0.00,0
ks-2x-gear,"KS 2X GEAR","KS 2X GEAR",0.00,0
ss-hd-1pk-4ft,"SS HD 1PK 4FT","SS HD 1PK 4FT",0.00,0
ms-rbl-2pcs,"MS RBL 2PCS","MS RBL 2PCS",0.00,0
gss-bpnk-1pc,"GSS BPNK 1PC","GSS BPNK 1PC",0.00,0
ds-ch-cherry-sdl-hd,"DS CH CHERRY SDL HD","DS CH CHERRY SDL HD",0.00,0
ds-ch-br-rest-lvr,"DS CH BR REST-LVR","DS CH BR REST-LVR",0.00,0
spkn-adp-2pcs-1,"SPKN ADP 2PCS-1","SPKN ADP 2PCS-1",0.00,0
pm-305,"PM 305","PM 305",0.00,0
ss-hd-1pk-blk-wob,"SS HD 1PK BLK WOB","SS HD 1PK BLK WOB",0.00,0
th-22,"TH 22","TH 22",0.00,0
g-pick-h-r-12pk,"G PICK H R 12PK","G PICK H R 12PK",0.00,0
g-pick-h-gr-12pk,"G PICK H GR 12PK","G PICK H GR 12PK",0.00,0
ds-ch ylw rest-lvr,"DS CH YLW REST-LVR","DS CH YLW REST-LVR",0.00,0
mus-ylw,"MUS YLW","MUS YLW",0.00,0
pm-301,"PM 301","PM 301",0.00,0
dp1-50pcs,"DP1 50PCS","DP1 50PCS",0.00,0
kbb-02-br,"KBB 02 BR","KBB 02 BR",0.00,0
ms-080-wh-4pc,"MS 080 WH 4PC","MS 080 WH 4PC",0.00,0
mc-01-2pcs,"MC-01 2PCS","MC-01 2PCS",0.00,0
ms-080-2pcs,"MS 080 2Pcs","MS 080 2Pcs",0.00,0
mus-fld-hd-acc-blk,"MUS FLD HD ACC BLK","MUS FLD HD ACC BLK",0.00,0
5c-d26,5C-D26,5C-D26,0.00,0
gss-2n1-pnk,"GSS 2N1 PNK","GSS 2N1 PNK",0.00,0
pm-222,PM-222,PM-222,0.00,0
gh-st-3pcs,"GH ST 3PCS","GH ST 3PCS",0.00,0
kbb-bpnk-hd,"KBB BPNK HD","KBB BPNK HD",0.00,0
ks-2x+2t-wh,"KS 2X+2T WH","KS 2X+2T WH",0.00,0
du-50w,"DU 50W","DU 50W",0.00,0
ss-eco-2pk-red-wob,"SS ECO 2PK RED WoB","SS ECO 2PK RED WoB",0.00,0
kbb-h-adj-blk,"KBB H-ADJ BLK","KBB H-ADJ BLK",0.00,0
ms-080-wh-2pcs,"MS 080 WH 2PCS","MS 080 WH 2PCS",0.00,0
nd-58,ND-58,ND-58,0.00,0
ks-2x-bpnk,"KS 2X BPNK","KS 2X BPNK",0.00,0
mus-fld-hd-acc-wh,"MUS FLD HD ACC WH","MUS FLD HD ACC WH",0.00,0
gsh-3n1,"GSH 3N1","GSH 3N1",0.00,0
mc-02-2pcs,"MC 02 2PCS","MC 02 2PCS",0.00,0
fr-18-190-ms,"FR 18 190 MS","FR 18 190 MS",0.00,0
ms-080-red-4pc,"MS 080 RED 4PC","MS 080 RED 4PC",0.00,0
ms-dbl-6pcs,"MS DBL 6PCS","MS DBL 6PCS",0.00,0
gas-01-blk,"GAS 01 BLK","GAS 01 BLK",0.00,0
ds-blkch-vel-blk,"DS BLKCH VEL BLK","DS BLKCH VEL BLK",0.00,0
et-15ft-blu,"ET 15FT BLU","ET 15FT BLU",0.00,0
rack-stand-9u,"RACK STAND 9U","RACK STAND 9U",0.00,0
ks-2x-wh+kbb-wh-hd,"KS 2X WH+KBB WH HD","KS 2X WH+KBB WH HD",0.00,0
ms-dbl-g-wh,"MS DBL G WH","MS DBL G WH",0.00,0
ms-mob,"MS MOB","MS MOB",0.00,0
ss-eco-2pk-wh-wob,"SS ECO 2PK WH WoB","SS ECO 2PK WH WoB",0.00,0
"wf-8""-890-2pc","WF 8""-890 2PC","WF 8""-890 2PC",0.00,0
gh-iron-2pcs,"GH IRON 2PCS","GH IRON 2PCS",0.00,0
sp-12120,"SP 12120","SP 12120",0.00,0
77sf,77SF,77SF,0.00,0
hw-1-ylw,"HW 1 YLW","HW 1 YLW",0.00,0
ms-dbl-g-d-blu,"MS DBL G D-BLU","MS DBL G D-BLU",0.00,0
gss-bpnk-2pcs,"GSS BPNK 2PCS","GSS BPNK 2PCS",0.00,0
gss-red,"GSS RED","GSS RED",0.00,0
ds-ch-ylw-vel-hd,"DS CH YLW VEL HD","DS CH YLW VEL HD",0.00,0
dm-7acc-red,"DM 7ACC RED","DM 7ACC RED",0.00,0
ms-adp-m-blk-3858-12pcs,"MS ADP M BLK 3858 12PCS","MS ADP M BLK 3858 12PCS",0.00,0
ks-z1-blk-hd-+-2t,"KS Z1 BLK HD + 2T","KS Z1 BLK HD + 2T",0.00,0
wm-spk-pnk+blu,"WM SPK PNK+BLU","WM SPK PNK+BLU",0.00,0
gss-blk,"GSS BLK","GSS BLK",0.00,0
ms-080,"MS 080","MS 080",0.00,0
ms-dbl-4pcs,"MS DBL 4PCS","MS DBL 4PCS",0.00,0
ds-ch-br,"DS CH BR","DS CH BR",0.00,0
wm-spk-pink,"WM SPK PINK","WM SPK PINK",0.00,0
wm-spk-copper,"WM SPK COPPER","WM SPK COPPER",0.00,0
wm-spk-blu,"WM SPK BLU","WM SPK BLU",0.00,0
mssb-w,"MSSB W","MSSB W",0.00,0
ds-ch-purple-sdl-hd,"DS CH PURPLE SDL HD","DS CH PURPLE SDL HD",0.00,0
arm-set-16,"ARM SET 16","ARM SET 16",0.00,0
mx-4ch,"MX 4CH","MX 4CH",0.00,0
ms-mini-tri-blk,"MS MINI TRI BLK","MS MINI TRI BLK",0.00,0
ms-dbl,"MS DBL","MS DBL",0.00,0
btube-undr-st-150-lgt,"BTUBE UNDR ST 150 LGT","BTUBE UNDR ST 150 LGT",0.00,0
20r-usb-wob,"20R-USB WoB","20R-USB WoB",0.00,0
ds-ch-blk-pr-hd,"DS CH BLK PR HD","DS CH BLK PR HD",0.00,0
solder-wire-5-pcs,"solder wire 5 pcs","solder wire 5 pcs",0.00,0
pc-1001,"PC 1001","PC 1001",0.00,0
ss-hd-2-pk-wh-bag,"SS HD 2 PK WH BAG","SS HD 2 PK WH BAG",0.00,0
ms-mini-tri-ch,"MS MINI TRI CH","MS MINI TRI CH",0.00,0
mc-08-4pcs,"MC 08 4PCS","MC 08 4PCS",0.00,0
gss-ylw-2pcs,"GSS YLW 2PCS","GSS YLW 2PCS",0.00,0
gss-blu-2pcs,"GSS BLU 2PCS","GSS BLU 2PCS",0.00,0
dm-7rnd-blu,"DM 7RND BLU","DM 7RND BLU",0.00,0
instru-mic-100-grey,"INSTRU MIC 100 GREY","INSTRU MIC 100 GREY",0.00,0
gss-blk-2pcs,"GSS BLK 2PCS","GSS BLK 2PCS",0.00,0
ms-arm-r,"MS ARM R","MS ARM R",0.00,0
ms-dbl-g-red,"MS DBL G RED","MS DBL G RED",0.00,0
ds-ch-blu,"DS CH BLU","DS CH BLU",0.00,0
mini-tripod-mic-stand,"MINI TRIPOD MIC STAND","MINI TRIPOD MIC STAND",0.00,0
ks-2x+2t-blk,"KS 2X+2T BLK","KS 2X+2T BLK",0.00,0
ks-2x-wh,"KS 2X WH","KS 2X WH",0.00,0
ds-ch-d-gr-sdl-hd,"DS CH D-GR SDL HD","DS CH D-GR SDL HD",0.00,0
gss-red-2pcs,"GSS RED 2PCS","GSS RED 2PCS",0.00,0
ds-01-blu,"DS 01 BLU","DS 01 BLU",0.00,0
ds-ch-red,"DS CH RED","DS CH RED",0.00,0
ds-ch-blk-rest,"DS CH BLK REST","DS CH BLK REST",0.00,0
ms-080-wh,"MS 080 WH","MS 080 WH",0.00,0
rm-stnd-3-m,"RM STND 3 M","RM STND 3 M",0.00,0
dpad-combo-blk,"DPAD COMBO BLK","DPAD COMBO BLK",0.00,0
ks-2t-gear,"KS 2T GEAR","KS 2T GEAR",0.00,0
ds-ch-blu-vel-hd,"DS CH BLU VEL HD","DS CH BLU VEL HD",0.00,0
wm-uhf-08-hm,"WM UHF 08-HM","WM UHF 08-HM",0.00,0
pmx-12ch,"PMX 12CH","PMX 12CH",0.00,0
nd-909-chrome,"ND 909 CHROME","ND 909 CHROME",0.00,0
uhc-300,"UHC 300","UHC 300",0.00,0
capo-brwg-4pcs,"CAPO BRWG 4PCS","CAPO BRWG 4PCS",0.00,0
ss-hd-2-pk-sky-blu-bag,"SS HD 2 PK SKY BLU BAG","SS HD 2 PK SKY BLU BAG",0.00,0
capo-red,"CAPO RED","CAPO RED",0.00,0
ds-ch-wh-sdl,"DS CH WH SDL","DS CH WH SDL",0.00,0
pnb-wd-hd-br,"PNB WD HD BR","PNB WD HD BR",0.00,0
pnb-480-br,"PNB 480 BR","PNB 480 BR",0.00,0
ks-z1-blk-hd-whls-+-2t,"KS Z1 BLK HD WHLS + 2T","KS Z1 BLK HD WHLS + 2T",0.00,0
ds-gt-red-vel,"DS GT RED-VEL","DS GT RED-VEL",0.00,0
dm-7acc-ylw,"DM 7ACC YLW","DM 7ACC YLW",0.00,0
du-60w,"DU 60W","DU 60W",0.00,0
gsh-hd-blk,"GSH HD BLK","GSH HD BLK",0.00,0
20rf-wb,"20RF WB","20RF WB",0.00,0
mus-fld-blu,"MUS FLD BLU","MUS FLD BLU",0.00,0
et-3ft-blu,"ET 3FT BLU","ET 3FT BLU",0.00,0
gss-br-2pcs,"GSS BR 2PCS","GSS BR 2PCS",0.00,0
cd-90,"CD 90","CD 90",0.00,0
wm-301-hc,"WM 301 HC","WM 301 HC",0.00,0
ms-080-red-2-pcs,"MS 080 RED 2 PCS","MS 080 RED 2 PCS",0.00,0
ds-01-blk,"DS 01 BLK","DS 01 BLK",0.00,0
capo-wh-1pc,"CAPO WH 1pc","CAPO WH 1pc",0.00,0
gss-uku,"GSS UKU","GSS UKU",0.00,0
ms-rbl,"MS RBL","MS RBL",0.00,0
ms-rbs-ch-in,"MS RBS CH IN","MS RBS CH IN",0.00,0
pm-66k-1-pair,"PM-66K 1 Pair","PM-66K 1 Pair",0.00,0
gss-2n1-red,"GSS 2N1 RED","GSS 2N1 RED",0.00,0
rack-stand-12u,"RACK STAND 12U","RACK STAND 12U",0.00,0
rm-7-bg,"RM 7 BG","RM 7 BG",0.00,0
15tg-1pc,"15TG 1Pc","15TG 1Pc",0.00,0
gh-abs-1pc,"GH ABS 1pc","GH ABS 1pc",0.00,0
capo-blue-1pc,"CAPO BLUE 1Pc","CAPO BLUE 1Pc",0.00,0
ms-rbp-3t-gse,"MS RBP 3T GSE","MS RBP 3T GSE",0.00,0
ga-80w-gld-blk,"GA 80W GLD-BLK","GA 80W GLD-BLK",0.00,0
mic-hm-01,"MIC HM 01","MIC HM 01",0.00,0
pnb-480-blk,"PNB 480 BLK","PNB 480 BLK",0.00,0
cm-wrd-50,"CM-WRD 50","CM-WRD 50",0.00,0
pnb-480-wh,"PNB 480 WH","PNB 480 WH",0.00,0
ds-ch-wh,"DS CH WH","DS CH WH",0.00,0
ss-hd-2pk-org-wob,"SS HD 2PK ORG WOB","SS HD 2PK ORG WOB",0.00,0
gss-ylw-1pc,"GSS YLW 1PC","GSS YLW 1PC",0.00,0
dm-9rnd-grey,"DM 9RND GREY","DM 9RND GREY",0.00,0
1-4m-3-8m-camera-screw-5pcs,"1/4M-3/8M Camera Screw 5Pcs","1/4M-3/8M Camera Screw 5Pcs",0.00,0
ds-01-org,"DS 01 ORG","DS 01 ORG",0.00,0
kbb-br-hd,"KBB BR HD","KBB BR HD",0.00,0
alligator-25-pcs,"alligator 25 pcs","alligator 25 pcs",0.00,0
ks-z1-bpnk-+-kbb-02-pnk,"KS Z1 BPNK + KBB 02 PNK","KS Z1 BPNK + KBB 02 PNK",0.00,0
ss-hd-1pk-org-4ft,"SS HD 1PK ORG 4FT","SS HD 1PK ORG 4FT",0.00,0
dm-9rnd-red,"DM 9RND RED","DM 9RND RED",0.00,0
rtro-mic-ch-blk-red,"RTRO MIC CH BLK-RED","RTRO MIC CH BLK-RED",0.00,0
imx-16ch,"IMX 16CH","IMX 16CH",0.00,0
ls-006-2pcs,"LS-006 2pcs","LS-006 2pcs",0.00,0
ds-ch-br-sdl,"DS CH BR SDL","DS CH BR SDL",0.00,0
gss-2n1-wh,"GSS 2N1 WH","GSS 2N1 WH",0.00,0
ds-ch-org-sdl-hd,"DS CH ORG SDL HD","DS CH ORG SDL HD",0.00,0
pc-1002-2pcs,"PC 1002 2Pcs","PC 1002 2Pcs",0.00,0
kbb-02-wh,"KBB 02 WH","KBB 02 WH",0.00,0
dm-7rnd-grey,"DM 7RND GREY","DM 7RND GREY",0.00,0
ms-080-sky-blu,"MS 080 SKY BLU","MS 080 SKY BLU",0.00,0
ms-arm-blu,"MS ARM BLU","MS ARM BLU",0.00,0
dm-7rnd-blk,"DM 7RND BLK","DM 7RND BLK",0.00,0
gstool-rnd-blk-rest,"GSTOOL RND BLK REST","GSTOOL RND BLK REST",0.00,0
ks-1x-bpnk,"KS 1X BPNK","KS 1X BPNK",0.00,0
gfs-whte,"GFS WHTE","GFS WHTE",0.00,0
ks-z1-red-hd-whls,"KS Z1 RED HD WHLS","KS Z1 RED HD WHLS",0.00,0
wf-8140-dbl-d4,"WF 8140 DBL D4","WF 8140 DBL D4",0.00,0
fr-15190-17-al,"FR 15190 17 AL","FR 15190 17 AL",0.00,0
ms-080-4pcs,"MS 080 4Pcs","MS 080 4Pcs",0.00,0
wm-uhf-06-hm,"WM UHF 06-HM","WM UHF 06-HM",0.00,0
ds-ch-blk-sdl-hd,"DS CH BLK SDL HD","DS CH BLK SDL HD",0.00,0
hise-3x7,"HISE 3X7","HISE 3X7",0.00,0
hise-4x10-1pc,"HISE 4X10 1PC","HISE 4X10 1PC",0.00,0
ks-z1-blk,"KS Z1 BLK","KS Z1 BLK",0.00,0
pnb-b-rest-wh,"PNB B-REST WH","PNB B-REST WH",0.00,0
66sf,66SF,66SF,0.00,0
ms--rbl,"MS  RBL","MS  RBL",0.00,0
ms-adp-m-slv-38f-58m-12pcs,"MS ADP M SLV 38F-58M 12PCS","MS ADP M SLV 38F-58M 12PCS",0.00,0
fr-15-140-ms,"FR 15 140 MS","FR 15 140 MS",0.00,0
ss-eco-1pk-wh-wob,"SS ECO 1PK WH WoB","SS ECO 1PK WH WoB",0.00,0
wf-6-5140-dbl-d4,"WF 6.5140 DBL D4","WF 6.5140 DBL D4",0.00,0
dtl-1pk,"DTL 1PK","DTL 1PK",0.00,0
fr-15200-23-al,"FR 15200 23 AL","FR 15200 23 AL",0.00,0
kbb-02-blk,"KBB 02 BLK","KBB 02 BLK",0.00,0
ks-1x-blu,"KS 1X BLU","KS 1X BLU",0.00,0
tw-nd-01-1pc,"TW ND 01 1PC","TW ND 01 1PC",0.00,0
wst-04-11-pair,"WST 04-11 Pair","WST 04-11 Pair",0.00,0
ds-01-wh,"DS 01 WH","DS 01 WH",0.00,0
mc-03-4pcs,"MC-03 4PCS","MC-03 4PCS",0.00,0
ds-gt-red-vel-bkrest,"DS GT RED-VEL BKREST","DS GT RED-VEL BKREST",0.00,0
suh-150-1pc,"SUH-150 1Pc","SUH-150 1Pc",0.00,0
congo-3xp-copperex,"CONGO 3XP Copperex","CONGO 3XP Copperex",0.00,0
gstool-blk,"GSTOOL BLK","GSTOOL BLK",0.00,0
ms-080-d-blu,"MS 080 D-BLU","MS 080 D-BLU",0.00,0
tabla-mic-2xp-copperex,"TABLA MIC 2XP COPPEREX","TABLA MIC 2XP COPPEREX",0.00,0
ds-ch-wh-sdl-hd,"DS CH WH SDL HD","DS CH WH SDL HD",0.00,0
ds-ch-ylw,"DS CH YLW","DS CH YLW",0.00,0
ss-hd-2pk-sky-blu-4ft-bag,"SS HD 2PK SKY BLU 4FT BAG","SS HD 2PK SKY BLU 4FT BAG",0.00,0
ss-hd-1-pk-wh-bag,"SS HD 1 PK WH BAG","SS HD 1 PK WH BAG",0.00,0
ss-hd-1pk-sky-blu-4ft,"SS HD 1PK SKY BLU 4FT","SS HD 1PK SKY BLU 4FT",0.00,0
ms-rbp5,"MS RBP5","MS RBP5",0.00,0
rtro-mic-ch-red,"RTRO MIC CH RED","RTRO MIC CH RED",0.00,0
rtro-mic-blk,"RTRO MIC BLK","RTRO MIC BLK",0.00,0
mx-20ch-xu,"MX 20CH XU","MX 20CH XU",0.00,0
ss-hd-1pk-3ft-blk-wob,"SS HD 1PK 3FT BLK WoB","SS HD 1PK 3FT BLK WoB",0.00,0
gstool-oval-blk-rest,"GSTOOL OVAL BLK REST","GSTOOL OVAL BLK REST",0.00,0
dp1-inv-50pcs,"DP1 INV 50PCS","DP1 INV 50PCS",0.00,0
ds-gt-blk-vel-bkrest,"DS GT BLK-VEL BKREST","DS GT BLK-VEL BKREST",0.00,0
ks-2x-blu,"KS 2X BLU","KS 2X BLU",0.00,0
mx-16ch-xu,"MX 16CH XU","MX 16CH XU",0.00,0
ds-blkch-blk,"DS BLKCH BLK","DS BLKCH BLK",0.00,0
ss-hd-2pk-org-4ft-bag,"SS HD 2PK ORG 4FT BAG","SS HD 2PK ORG 4FT BAG",0.00,0
dm-9rnd-blu,"DM 9RND BLU","DM 9RND BLU",0.00,0
grack-5n1-oval,"GRack 5N1 OVAL","GRack 5N1 OVAL",0.00,0
gfs-red,"GFS RED","GFS RED",0.00,0
ks-c-2td-blk-al,"KS C 2TD BLK AL","KS C 2TD BLK AL",0.00,0
ks-1x-wh,"KS 1X WH","KS 1X WH",0.00,0
gsh-hd-red,"GSH HD RED","GSH HD RED",0.00,0
mr-8-blt-r-4ohm,"MR 8 BLT R 4oHM","MR 8 BLT R 4oHM",0.00,0
tw-303-sq-8pcs,"TW 303 SQ 8PCS","TW 303 SQ 8PCS",0.00,0
wm-uhf-04-hm,"WM UHF 04-HM","WM UHF 04-HM",0.00,0
ds-blkch-cml-br,"DS BLKCH CML BR","DS BLKCH CML BR",0.00,0
fr-10-185-al-8ohms,"FR 10 185 AL 8OHMS","FR 10 185 AL 8OHMS",0.00,0
mx-16ch,"MX 16CH","MX 16CH",0.00,0
amp-30w-utx-dlx,"AMP 30W-UTX-DLX","AMP 30W-UTX-DLX",0.00,0
13t-blk-1pk,"13T BLK 1PK","13T BLK 1PK",0.00,0
cd-110,"CD 110","CD 110",0.00,0
hise-4x10-4pcs,"HISE 4X10 4Pcs","HISE 4X10 4Pcs",0.00,0
ks-z1-blk-hd,"KS Z1 BLK HD","KS Z1 BLK HD",0.00,0
mx-16ch-l,"MX 16CH L","MX 16CH L",0.00,0
instru-mic-300-blk,"INSTRU MIC 300 BLK","INSTRU MIC 300 BLK",0.00,0
wm-uhf-02-gld,"WM UHF 02-GLD","WM UHF 02-GLD",0.00,0
ms-080-ylw,"MS 080 YLW","MS 080 YLW",0.00,0
pnb-dt-blk,"PNB DT BLK","PNB DT BLK",0.00,0
ds-ch-ylw-sdl-hd,"DS CH YLW SDL HD","DS CH YLW SDL HD",0.00,0
pnb-b-rest-blk,"PNB B-REST BLK","PNB B-REST BLK",0.00,0
ds-blkch-wh,"DS BLKCH WH","DS BLKCH WH",0.00,0
wf-672-2-pcs,"WF 672 2 PCS","WF 672 2 PCS",0.00,0
iso-3+pop-filter,"ISO 3+POP FILTER","ISO 3+POP FILTER",0.00,0
rm-stnd-2,"RM STND 2","RM STND 2",0.00,0
ds-01-br,"DS 01 BR","DS 01 BR",0.00,0
ds-ch-br-rest,"DS CH BR REST","DS CH BR REST",0.00,0
ss-hd-2pk-3ft-blk-bag,"SS HD 2PK 3FT BLK BAG","SS HD 2PK 3FT BLK BAG",0.00,0
ds-01-ylw,"DS 01 YLW","DS 01 YLW",0.00,0
rec-set,"REC SET","REC SET",0.00,0
hise-7x14-1pc,"HISE 7X14 1PC","HISE 7X14 1PC",0.00,0
hise-15x5-1pc,"HISE 15X5 1PC","HISE 15X5 1PC",0.00,0
308p,308P,308P,0.00,0
dpad-combo-blu,"DPAD COMBO BLU","DPAD COMBO BLU",0.00,0
ls-120-crank,"LS 120 CRANK","LS 120 CRANK",0.00,0
gss-2n1-blu,"GSS 2N1 BLU","GSS 2N1 BLU",0.00,0
pc-1001-2-pcs,"PC 1001 2 Pcs","PC 1001 2 Pcs",0.00,0
ws-30t-2-pcs,"WS 30T 2 PCS","WS 30T 2 PCS",0.00,0
dm-7acc-blu,"DM 7ACC BLU","DM 7ACC BLU",0.00,0
ga-40-blk,"GA 40 BLK","GA 40 BLK",0.00,0
gss-2n1-blk,"GSS 2N1 BLK","GSS 2N1 BLK",0.00,0
snare-xp,"SNARE XP","SNARE XP",0.00,0
ks-c-2td-slv,"KS C 2TD SLV","KS C 2TD SLV",0.00,0
active-home-8-2-mic-2pcs,"ACTIVE HOME 8 2-MIC 2PCS","ACTIVE HOME 8 2-MIC 2PCS",0.00,0
active-home-8-2-mic,"ACTIVE HOME 8 2-MIC","ACTIVE HOME 8 2-MIC",0.00,0
ms-dbl-g-sky-blu,"MS DBL G SKY BLU","MS DBL G SKY BLU",0.00,0
dm-9rnd-blk,"DM 9RND BLK","DM 9RND BLK",0.00,0
ss-hd-2pk-4ft-wb,"SS HD 2PK 4FT WB","SS HD 2PK 4FT WB",0.00,0
ms-adp-m-slv-38m-58f-12pcs,"MS ADP M SLV 38M-58F 12PCS","MS ADP M SLV 38M-58F 12PCS",0.00,0
arm-set-21,"ARM SET 21","ARM SET 21",0.00,0
ks-1x-blk+kbb-02-blk,"KS 1X BLK+KBB 02 BLK","KS 1X BLK+KBB 02 BLK",0.00,0
pm-883,PM-883,PM-883,0.00,0
ks-2x-bpnk+kbb-bpnk-hd,"KS 2X BPNK+KBB BPNK HD","KS 2X BPNK+KBB BPNK HD",0.00,0
ss-hd-1pk-3ft-blk-bag,"SS HD 1PK 3FT BLK BAG","SS HD 1PK 3FT BLK BAG",0.00,0
mx-6ch,"MX 6CH","MX 6CH",0.00,0
mic-cord-10pcs,"Mic Cord 10PCS","Mic Cord 10PCS",0.00,0
rm-stnd-3-p,"RM STND 3 P","RM STND 3 P",0.00,0
im-321,"IM 321","IM 321",0.00,0
wf-10120-8ohm,"WF 10120 8OHM","WF 10120 8OHM",0.00,0
gss-2n1-pgr,"GSS 2N1 PGR","GSS 2N1 PGR",0.00,0
ss-eco-2pk-blk-wob,"SS ECO 2PK BLK WoB","SS ECO 2PK BLK WoB",0.00,0
ks-2x-gear+kbb-02-blk,"KS 2X GEAR+KBB 02 BLK","KS 2X GEAR+KBB 02 BLK",0.00,0
kbb-02-pnk,"KBB 02 PNK","KBB 02 PNK",0.00,0
ks-z1-bpnk,"KS Z1 BPNK","KS Z1 BPNK",0.00,0
ep01,EP01,EP01,0.00,0
lss-004-2pcs,"LSS-004 2pcs","LSS-004 2pcs",0.00,0
wm-1001,"WM 1001","WM 1001",0.00,0
pnb-wd-hd-wh,"PNB WD HD WH","PNB WD HD WH",0.00,0
hise-15x5-1pc-+-5c-d26,"HISE 15X5 1PC + 5C-D26","HISE 15X5 1PC + 5C-D26",0.00,0
mc-04-5pcs,"MC 04 5PCS","MC 04 5PCS",0.00,0
ms-080-sky-blu-4pc,"MS 080 SKY BLU 4PC","MS 080 SKY BLU 4PC",0.00,0
ms-dbl-2pcs,"MS DBL 2PCS","MS DBL 2PCS",0.00,0
rm-8-bg,"RM 8 BG","RM 8 BG",0.00,0
capo-blue-2-pcs,"CAPO BLUE 2 Pcs","CAPO BLUE 2 Pcs",0.00,0
pp-1001,"PP 1001","PP 1001",0.00,0
mc-02-6pcs,"MC 02 6PCS","MC 02 6PCS",0.00,0
ms-mini-tri-ch-2pk,"MS MINI TRI CH 2PK","MS MINI TRI CH 2PK",0.00,0
mus-fld-4s-blk-wlgt,"MUS FLD 4S BLK WLGT","MUS FLD 4S BLK WLGT",0.00,0
pm-101-blk-2pcs,"PM 101 BLK 2PCS","PM 101 BLK 2PCS",0.00,0
ss-tri-base-blk,"SS TRI BASE BLK","SS TRI BASE BLK",0.00,0
mr-6-5-blt-r-8ohm-gtr-1pc,"MR 6.5 BLT R 8oHM GTR 1PC","MR 6.5 BLT R 8oHM GTR 1PC",0.00,0
pp-1002,"PP 1002","PP 1002",0.00,0
gfs-red-2pcs,"GFS RED 2PCS","GFS RED 2PCS",0.00,0
dm-7acc-slv,"DM 7ACC SLV","DM 7ACC SLV",0.00,0
rm-7-blu,"RM 7 BLU","RM 7 BLU",0.00,0
dpad-combo-org,"DPAD COMBO ORG","DPAD COMBO ORG",0.00,0
instru-mic-300-grey-2pcs,"INSTRU MIC 300 GREY 2PCS","INSTRU MIC 300 GREY 2PCS",0.00,0
wm-5cpgvx,"WM 5CPGVX","WM 5CPGVX",0.00,0
mx-8ch,"MX 8CH","MX 8CH",0.00,0
g-pick-m-rgwpb-20pk,"G PICK M RGWPB 20PK","G PICK M RGWPB 20PK",0.00,0
fog-1500,"FOG 1500","FOG 1500",0.00,0
ms-dbl-g-wh-4pcs,"MS DBL G WH 4pcs","MS DBL G WH 4pcs",0.00,0
ss-eco-2pk-sky-blu-wob,"SS ECO 2PK SKY BLU WoB","SS ECO 2PK SKY BLU WoB",0.00,0
sw-s-blu-6pcs,"SW S BLU 6PCS","SW S BLU 6PCS",0.00,0
instru-mic-200-grey-2pcs,"INSTRU MIC 200 GREY 2PCS","INSTRU MIC 200 GREY 2PCS",0.00,0
pop-filter,"POP FILTER","POP FILTER",0.00,0
wf-10120-8ohm-2pcs,"WF 10120 8OHM 2PCS","WF 10120 8OHM 2PCS",0.00,0
ga-40-org,"GA 40 ORG","GA 40 ORG",0.00,0
dm-7acc-green,"DM 7ACC GREEN","DM 7ACC GREEN",0.00,0
g-pick-m-gr-12pk,"G PICK M GR 12PK","G PICK M GR 12PK",0.00,0
mini-tripod-mic-stand-2pcs,"MINI TRIPOD MIC STAND 2PCS","MINI TRIPOD MIC STAND 2PCS",0.00,0
ms-dbl-s,"MS DBL S","MS DBL S",0.00,0
ms-arm-r-2pcs,"MS ARM R 2Pcs","MS ARM R 2Pcs",0.00,0
gfs-blk,"GFS BLK","GFS BLK",0.00,0
ms-arm-blk,"MS ARM BLK","MS ARM BLK",0.00,0
5c-aps,"5C APS","5C APS",0.00,0
ks-z1-blk-hd-whls,"KS Z1 BLK HD WHLS","KS Z1 BLK HD WHLS",0.00,0
mc-123478-6pcs,"MC 123478 6PCS","MC 123478 6PCS",0.00,0
ms-dbl-s-2-pcs,"MS DBL S 2 Pcs","MS DBL S 2 Pcs",0.00,0
ks-z1-wh-hd,"KS Z1 WH HD","KS Z1 WH HD",0.00,0
mr-6-5-blt-r-4ohm,"MR 6.5 BLT R 4oHM","MR 6.5 BLT R 4oHM",0.00,0
gss-2pcs,"GSS 2PCS","GSS 2PCS",0.00,0
gh-abs-2pcs,"GH ABS 2pcs","GH ABS 2pcs",0.00,0
ms-dbl-g-wh-2pcs,"MS DBL G WH 2pcs","MS DBL G WH 2pcs",0.00,0
du-80w,"DU 80W","DU 80W",0.00,0
mus-fld-hd,"MUS FLD HD","MUS FLD HD",0.00,0
ms-dbl-s+nd58+nd57,"MS DBL S+ND58+ND57","MS DBL S+ND58+ND57",0.00,0
ss-hd-1pk-5ft,"SS HD 1PK 5FT","SS HD 1PK 5FT",0.00,0
mx-24ch-l,"MX 24CH L","MX 24CH L",0.00,0
ms-080+nd58,"MS 080+ND58","MS 080+ND58",0.00,0
gss,GSS,GSS,0.00,0
ds-01-gr,"DS 01 GR","DS 01 GR",0.00,0
spkn-m-1-4-adp-f-1pc,"SPKN M-1/4 ADP F 1PC","SPKN M-1/4 ADP F 1PC",0.00,0
ventilo-890,"Ventilo 890","Ventilo 890",0.00,0
mus-fld-ylw,"MUS FLD YLW","MUS FLD YLW",0.00,0
ms-rbl-hnd-clch,"MS RBL HND CLCH","MS RBL HND CLCH",0.00,0
congo-3-grey,"CONGO 3 GREY","CONGO 3 GREY",0.00,0
wst-01-pair,"WST 01 Pair","WST 01 Pair",0.00,0
ms-dbl+nd58+nd57,"MS DBL+ND58+ND57","MS DBL+ND58+ND57",0.00,0
wst-04-15-pair,"WST 04-15 Pair","WST 04-15 Pair",0.00,0
ds-ch-red-pr-hd,"DS CH RED PR HD","DS CH RED PR HD",0.00,0
ks-z1-bpnk-hd-whls,"KS Z1 BPNK HD WHLS","KS Z1 BPNK HD WHLS",0.00,0
ms-mini-tri-blk-2pcs,"MS MINI TRI BLK 2PCS","MS MINI TRI BLK 2PCS",0.00,0
ms-080-ylw-2pc,"MS 080 YLW 2PC","MS 080 YLW 2PC",0.00,0
ss-eco-2pk-ylw-wob,"SS ECO 2PK YLW WoB","SS ECO 2PK YLW WoB",0.00,0
active-home-12-2-mic,"ACTIVE HOME 12 2-MIC","ACTIVE HOME 12 2-MIC",0.00,0
mus-fld-hd-acc-blk-2pcs,"MUS FLD HD ACC BLK 2PCS","MUS FLD HD ACC BLK 2PCS",0.00,0
ks-z1-wh-hd-whls,"KS Z1 WH HD WHLS","KS Z1 WH HD WHLS",0.00,0
ms-dbl-12pcs,"MS DBL 12PCS","MS DBL 12PCS",0.00,0
fog-2500,"FOG 2500","FOG 2500",0.00,0
amp-4141,"AMP 4141","AMP 4141",0.00,0
mic-wrd-10-2pcs,"MIC WRD 10 2PCS","MIC WRD 10 2PCS",0.00,0
15-185-al-350w,"15-185 AL 350W","15-185 AL 350W",0.00,0
ms-dbl-s-4-pcs,"MS DBL S 4 Pcs","MS DBL S 4 Pcs",0.00,0
wf-15-140,"WF 15 140","WF 15 140",0.00,0
"wf-8""-890-1pc","WF 8""-890 1PC","WF 8""-890 1PC",0.00,0
fr-18-190-ms-2pcs,"FR 18 190 MS 2PCS","FR 18 190 MS 2PCS",0.00,0
mx-12ch-l,"MX 12CH L","MX 12CH L",0.00,0
mssb-2pcs,"MSSB 2PCS","MSSB 2PCS",0.00,0
rtro-mic-ch-blu,"RTRO MIC CH BLU","RTRO MIC CH BLU",0.00,0
15-185-ms-300w,"15-185 MS 300W","15-185 MS 300W",0.00,0
delete41,Delete41,Delete41,0.00,0
instru-mic-300-blk-2pcs,"INSTRU MIC 300 BLK 2PCS","INSTRU MIC 300 BLK 2PCS",0.00,0
snare-xp-copperex,"SNARE XP COPPEREX","SNARE XP COPPEREX",0.00,0
mic-wrd-10,"MIC WRD 10","MIC WRD 10",0.00,0
et-30ft-blu,"ET 30FT BLU","ET 30FT BLU",0.00,0
sshd-hyd-air-blk-2pcs,"SSHD HYD AIR BLK 2PCS","SSHD HYD AIR BLK 2PCS",0.00,0
instru-mic-200-blk,"INSTRU MIC 200 BLK","INSTRU MIC 200 BLK",0.00,0
pm-608,"PM 608","PM 608",0.00,0
ws-27-conto-blk,"WS 27 Conto BLK","WS 27 Conto BLK",0.00,0
ss-hd-2-pk-red-bag,"SS HD 2 PK RED BAG","SS HD 2 PK RED BAG",0.00,0
ms-adp-m-gld-4pcs,"MS ADP M GLD 4PCS","MS ADP M GLD 4PCS",0.00,0
sp-1090,SP-1090,SP-1090,0.00,0
delete23,Delete23,Delete23,0.00,0
du-100w,"DU 100W","DU 100W",0.00,0
capo-wh-2-pcs,"CAPO WH 2 Pcs","CAPO WH 2 Pcs",0.00,0
delete26,Delete26,Delete26,0.00,0
gh-iron-1pc,"GH IRON 1PC","GH IRON 1PC",0.00,0
gss-wd,"GSS WD","GSS WD",0.00,0
delete18,Delete18,Delete18,0.00,0
cs-2-way-2pair,"CS 2 WAY 2Pair","CS 2 WAY 2Pair",0.00,0
mx-24ch,"MX 24CH","MX 24CH",0.00,0
cd-135-2pcs,"CD 135 2PCS","CD 135 2PCS",0.00,0
ss-eco-1pk-ylw-wob,"SS ECO 1PK YLW WoB","SS ECO 1PK YLW WoB",0.00,0
ms-080-sky-blu-2-pcs,"MS 080 SKY BLU 2 PCS","MS 080 SKY BLU 2 PCS",0.00,0
cm-001-adp,"CM 001 ADP","CM 001 ADP",0.00,0
ms-080-ylw-4pc,"MS 080 YLW 4PC","MS 080 YLW 4PC",0.00,0
gfs-whte-2pcs,"GFS WHTE 2PCS","GFS WHTE 2PCS",0.00,0
ss-eco-1pk-red-wob,"SS ECO 1PK RED WoB","SS ECO 1PK RED WoB",0.00,0
gss-al-slv,"GSS AL SLV","GSS AL SLV",0.00,0
wf,WF,WF,0.00,0
cea-16,CEA-16,CEA-16,0.00,0
beta-2pcs,"BETA 2PCS","BETA 2PCS",0.00,0
pm-757-3pcs,"PM 757 3PCS","PM 757 3PCS",0.00,0
wf-10120-4ohm-2pcs,"WF 10120 4OHM 2PCS","WF 10120 4OHM 2PCS",0.00,0
delete25,Delete25,Delete25,0.00,0
6r,6R,6R,0.00,0
pm-100-3pcs,"PM 100 3PCS","PM 100 3PCS",0.00,0
vc-003,"VC 003","VC 003",0.00,0
snare-mic-blk,"SNARE MIC BLK","SNARE MIC BLK",0.00,0
gss-al-blk,"GSS AL BLK","GSS AL BLK",0.00,0
deleted-2,"Deleted 2","Deleted 2",0.00,0
djm-1200,"DJM 1200","DJM 1200",0.00,0
cm-wrd-30,"CM-WRD 30","CM-WRD 30",0.00,0
wm-uhf-02-hm+02-lm,"WM UHF 02-HM+02-LM","WM UHF 02-HM+02-LM",0.00,0
delete-11,"delete 11","delete 11",0.00,0
ms-rbs-boom-2pk,"MS RBS BOOM 2PK","MS RBS BOOM 2PK",0.00,0
ms-arm-blk-2pcs,"MS ARM BLK 2Pcs","MS ARM BLK 2Pcs",0.00,0
pm-286-wh-3pcs,"PM 286 WH 3PCS","PM 286 WH 3PCS",0.00,0
gstool-blk ,"GSTOOL BLK ","GSTOOL BLK ",0.00,0
rtro-mic-ch-blk-blu,"RTRO MIC CH BLK-BLU","RTRO MIC CH BLK-BLU",0.00,0
smh-s,"SMH S","SMH S",0.00,0
mus-blu,"MUS BLU","MUS BLU",0.00,0
ms-rbs-2pk,"MS RBS 2PK","MS RBS 2PK",0.00,0
destiny,DESTINY,DESTINY,0.00,0
et-10ft-blu,"ET 10FT BLU","ET 10FT BLU",0.00,0
mus-mh+nd58blk,"MUS MH+ND58BLK","MUS MH+ND58BLK",0.00,0
gh-st-2pcs,"GH ST 2PCS","GH ST 2PCS",0.00,0
delete35,Delete35,Delete35,0.00,0
nd-58-2pcs,"ND-58 2PCS","ND-58 2PCS",0.00,0
gh-st-20pk,"GH ST 20PK","GH ST 20PK",0.00,0
wm-uhf-02-red+gray,"WM UHF 02-RED+GRAY","WM UHF 02-RED+GRAY",0.00,0
g-pick-all-rgwpb-80pk,"G PICK ALL RGWPB 80PK","G PICK ALL RGWPB 80PK",0.00,0
wm-uhf-02-red+blk,"WM UHF 02-RED+BLK","WM UHF 02-RED+BLK",0.00,0
capo-blk-1pc,"CAPO BLK 1PC","CAPO BLK 1PC",0.00,0
mc-07-6pcs,"MC 07 6PCS","MC 07 6PCS",0.00,0
tw-blt-180-blk-pair,"TW BLT 180 BLK PAIR","TW BLT 180 BLK PAIR",0.00,0
ms-adp-m-blk-5838-1pc,"MS ADP M BLK 5838 1PC","MS ADP M BLK 5838 1PC",0.00,0
ga-40-org(duplicate),"GA 40 ORG(duplicate)","GA 40 ORG(duplicate)",0.00,0
headphone-13-b,"HEADPHONE 13 B","HEADPHONE 13 B",0.00,0
ms-080-6pcs,"MS 080 6Pcs","MS 080 6Pcs",0.00,0
ms-pad-mob,"MS PAD/MOB","MS PAD/MOB",0.00,0
ms-mob-2pcs,"MS MOB 2PCS","MS MOB 2PCS",0.00,0
sp-672-dc,"SP 672 DC","SP 672 DC",0.00,0
cm-mob-2m,"CM MOB 2M","CM MOB 2M",0.00,0
rtro-mic-copper,"RTRO MIC COPPER","RTRO MIC COPPER",0.00,0
ms-dbl-g-red-2pcs,"MS DBL G RED 2pcs","MS DBL G RED 2pcs",0.00,0
g-pick-exh-pr-12pk,"G PICK EXH PR 12PK","G PICK EXH PR 12PK",0.00,0
mc-04-4pcs,"MC 04 4PCS","MC 04 4PCS",0.00,0
ms-adp-m-slv-38f-58m-1pc,"MS ADP M SLV 38F-58M 1PC","MS ADP M SLV 38F-58M 1PC",0.00,0
pm-286-wh,"PM 286 WH","PM 286 WH",0.00,0
spkn-adp-8pcs,"SPKN ADP 8PCS","SPKN ADP 8PCS",0.00,0
ms-adp-m-slv-58-14-1pc,"MS ADP M SLV 58-14 1PC","MS ADP M SLV 58-14 1PC",0.00,0
ms-arm-blu+red,"MS ARM BLU+RED","MS ARM BLU+RED",0.00,0
pc-ss-2pcs,"PC SS 2PCS","PC SS 2PCS",0.00,0
nd-807-copperex-3pcs,"ND-807 CoppereX 3PCS","ND-807 CoppereX 3PCS",0.00,0
2u2o-1,2U2O-1,2U2O-1,0.00,0
wf-890g-ylw,"WF 890G YLW","WF 890G YLW",0.00,0
ss-hd-crank,"SS HD CRANK","SS HD CRANK",0.00,0
delete30,Delete30,Delete30,0.00,0
gh-wd-1pc,"GH WD 1PC","GH WD 1PC",0.00,0
nd-57x,ND-57X,ND-57X,0.00,0
673p,673P,673P,0.00,0
gh-abs-r-2pcs,"GH ABS R 2PCS","GH ABS R 2PCS",0.00,0
xlr-5-pair,"xlr 5 pair","xlr 5 pair",0.00,0
ca-6,"CA 6","CA 6",0.00,0
xlr-1-pair,"xlr 1 pair","xlr 1 pair",0.00,0
fr-15-140-ms-2pcs,"FR 15 140 MS 2PCS","FR 15 140 MS 2PCS",0.00,0
ms-080-g,"MS 080 G","MS 080 G",0.00,0
gh-wd-2pcs,"GH WD 2PCS","GH WD 2PCS",0.00,0
gh--wd-4pcs,"GH  WD 4PCS","GH  WD 4PCS",0.00,0
imx-8ch,"IMX 8CH","IMX 8CH",0.00,0
mic-crown,"MIC CROWN","MIC CROWN",0.00,0
sp-1090-gtr,"SP 1090 GTR","SP 1090 GTR",0.00,0
mus--fld--10pcs,"MUS  FLD  10PCS","MUS  FLD  10PCS",0.00,0
gs-el-bss-4pcs,"GS EL BSS 4PCS","GS EL BSS 4PCS",0.00,0
15x2-400dx-4pcs,"15x2 400DX 4PCS","15x2 400DX 4PCS",0.00,0
mc-01-6-pcs,"MC-01 6 PCS","MC-01 6 PCS",0.00,0
delete29,delete29,delete29,0.00,0
ms-dbl-g-ylw-4pcs,"MS DBL G YLW 4pcs","MS DBL G YLW 4pcs",0.00,0
gw-1pk-wh,"GW 1PK WH","GW 1PK WH",0.00,0
rtro-mic-gld,"RTRO MIC GLD","RTRO MIC GLD",0.00,0
mssb-5pk,"MSSB 5PK","MSSB 5PK",0.00,0
cs-05-mr-pair,"CS-05 MR Pair","CS-05 MR Pair",0.00,0
wst--03,"WST  03","WST  03",0.00,0
ss-eco-4pk-blk-wob,"SS ECO 4PK BLK WoB","SS ECO 4PK BLK WoB",0.00,0
capos-4pcs-pbwb---deleted-2535,"CAPOS 4PCS PBWB - Deleted 2535","CAPOS 4PCS PBWB - Deleted 2535",0.00,0
ss-hd-2-pk-ylw-bag,"SS HD 2 PK YLW BAG","SS HD 2 PK YLW BAG",0.00,0
pm-625-3pcs,"PM 625 3Pcs","PM 625 3Pcs",0.00,0
rm-bg-tri,"RM BG TRI","RM BG TRI",0.00,0
mc-04--2pcs,"MC 04  2PCS","MC 04  2PCS",0.00,0
pm-58,"PM 58","PM 58",0.00,0
delete-3,"Delete 3","Delete 3",0.00,0
ks-2x-bag,"KS 2X Bag","KS 2X Bag",0.00,0
nd-3200x-2-pcs,"ND 3200X 2 Pcs","ND 3200X 2 Pcs",0.00,0
nd-7800x-2pcs,"ND-7800X 2PCS","ND-7800X 2PCS",0.00,0
gsh-hd-2pc,"GSH HD 2PC","GSH HD 2PC",0.00,0
radio-t-291,"Radio T-291","Radio T-291",0.00,0
ms-mob-4pcs,"MS MOB 4PCS","MS MOB 4PCS",0.00,0
15-185-ms-350w,"15-185 MS 350W","15-185 MS 350W",0.00,0
capo-blue-4-pcs,"CAPO BLUE 4 Pcs","CAPO BLUE 4 Pcs",0.00,0
dpad-combo,"DPAD COMBO","DPAD COMBO",0.00,0
gss-10pcs,"GSS 10PCS","GSS 10PCS",0.00,0
ss-hd-1-pk-ylw-bag,"SS HD 1 PK YLW BAG","SS HD 1 PK YLW BAG",0.00,0
3501-usb,"3501 USB","3501 USB",0.00,0
ms-adp-m-slv-4pcs,"MS ADP M SLV 4PCS","MS ADP M SLV 4PCS",0.00,0
rm-4-bg,"RM 4 BG","RM 4 BG",0.00,0
ms-dbl-g-sky-blu-4pcs,"MS DBL G SKY BLU 4pcs","MS DBL G SKY BLU 4pcs",0.00,0
ctg-01-20pcs,"CTG 01 20PCS","CTG 01 20PCS",0.00,0
ga-40-blk(duplicate),"GA 40 BLK(duplicate)","GA 40 BLK(duplicate)",0.00,0
gss-4pcs,"GSS 4PCS","GSS 4PCS",0.00,0
20r-wob,"20R WoB","20R WoB",0.00,0
gsh--3n1-2pk,"GSH  3N1 2PK","GSH  3N1 2PK",0.00,0
capo-pnk-4-pcs,"CAPO PNK 4 Pcs","CAPO PNK 4 Pcs",0.00,0
mc-03-6pcs,"MC-03 6PCS","MC-03 6PCS",0.00,0
ms-mini-tri-blk--4pcs,"MS MINI TRI BLK  4PCS","MS MINI TRI BLK  4PCS",0.00,0
gsh-hd-4pk,"GSH HD 4PK","GSH HD 4PK",0.00,0
ctg-01,"CTG 01","CTG 01",0.00,0
ms-rbs-3pk,"MS RBS 3PK","MS RBS 3PK",0.00,0
ga-20-org,"GA 20 ORG","GA 20 ORG",0.00,0
fr-12120dc-gtr,"FR-12120DC GTR","FR-12120DC GTR",0.00,0
ca-4,"CA 4","CA 4",0.00,0
pm-883-4pcs,"PM-883 4PCS","PM-883 4PCS",0.00,0
ga-10-blk,"GA 10 BLK","GA 10 BLK",0.00,0
ss-hd-1pk-short,"SS HD 1PK Short","SS HD 1PK Short",0.00,0
spkn-bry-6pk,"SPKN BRY 6PK","SPKN BRY 6PK",0.00,0
sponge,SPONGE,SPONGE,0.00,0
gs-ac-3-set,"GS AC 3 SET","GS AC 3 SET",0.00,0
nd-26x,ND-26X,ND-26X,0.00,0
du-100xt,"DU 100XT","DU 100XT",0.00,0
15-185-ms-250w,"15-185 MS 250W","15-185 MS 250W",0.00,0
ms-adp-m-slv-2pcs,"MS ADP M SLV 2PCS","MS ADP M SLV 2PCS",0.00,0
ms-rbs-boom--3pk,"MS RBS BOOM  3PK","MS RBS BOOM  3PK",0.00,0
capo-blk-2-pcs,"CAPO BLK 2 Pcs","CAPO BLK 2 Pcs",0.00,0
pnb-blk-iron,"PNB BLK IRON","PNB BLK IRON",0.00,0
8r,8R,8R,0.00,0
mus-fld-hd-2pcs,"MUS FLD HD 2PCS","MUS FLD HD 2PCS",0.00,0
curve--tower-2,"CURVE  TOWER 2","CURVE  TOWER 2",0.00,0
mus-wh,"MUS WH","MUS WH",0.00,0
capo-pnk-1pc,"CAPO PNK 1PC","CAPO PNK 1PC",0.00,0
pm-1001,"PM 1001","PM 1001",0.00,0
ms-arm-wh+blk,"MS ARM WH+BLK","MS ARM WH+BLK",0.00,0
hw-405-wh-8pcs,"HW 405 WH 8PCS","HW 405 WH 8PCS",0.00,0
hw-508-blk-8pcs,"HW 508 BLK 8PCS","HW 508 BLK 8PCS",0.00,0
gs-el-12-set,"GS EL 12 SET","GS EL 12 SET",0.00,0
gsh-3n1-2pk,"GSH 3N1 2PK","GSH 3N1 2PK",0.00,0
gh--wd-24pcs,"GH  WD 24PCS","GH  WD 24PCS",0.00,0
mm-03-b,"MM 03 B","MM 03 B",0.00,0
ks-z1-2pcs,"KS Z1 2PCS","KS Z1 2PCS",0.00,0
6r-4pcs,"6R 4Pcs","6R 4Pcs",0.00,0
ga-10-org,"GA 10 ORG","GA 10 ORG",0.00,0
mixer-6300,"MIXER 6300","MIXER 6300",0.00,0
ms-adp-m-gld-2pcs,"MS ADP M GLD 2PCS","MS ADP M GLD 2PCS",0.00,0
ms-rbs-ch-in--3pk,"MS RBS CH IN  3PK","MS RBS CH IN  3PK",0.00,0
delete21,Delete21,Delete21,0.00,0
rm-blk-tri,"RM BLK TRI","RM BLK TRI",0.00,0
nd-57x-3pcs,"ND-57X 3PCS","ND-57X 3PCS",0.00,0
gh--wd-8pcs,"GH  WD 8PCS","GH  WD 8PCS",0.00,0
pc-15,"PC 15","PC 15",0.00,0
gs-ac-brss-hd--3set,"GS AC BRSS HD  3SET","GS AC BRSS HD  3SET",0.00,0
tabla-mic-stand,"Tabla Mic Stand","Tabla Mic Stand",0.00,0
capo-pnk-2-pcs,"CAPO PNK 2 Pcs","CAPO PNK 2 Pcs",0.00,0
gss--blu,"GSS  BLU","GSS  BLU",0.00,0
cea-15,"CEA 15","CEA 15",0.00,0
ss-hd-2-pk-blu,"SS HD 2 PK BLU","SS HD 2 PK BLU",0.00,0
suh-300-1pc,"SUH-300 1Pc","SUH-300 1Pc",0.00,0
tw-nd-01-2pcs,"TW ND 01 2PCS","TW ND 01 2PCS",0.00,0
nd-32-armex,"ND-32 ARMEX","ND-32 ARMEX",0.00,0
10t-g-2pcs,"10T G 2PCS","10T G 2PCS",0.00,0
g-pick-h-rgwpb,"G PICK H RGWPB","G PICK H RGWPB",0.00,0
sp-1090-gtr-2pcs,"SP-1090 GTR 2PCS","SP-1090 GTR 2PCS",0.00,0
sp-1090-2pcs,"SP-1090 2PCS","SP-1090 2PCS",0.00,0
wst-03,"WST 03","WST 03",0.00,0
mic-cord--10pcs,"Mic Cord  10PCS","Mic Cord  10PCS",0.00,0
fr-12120dc-gtr-2pcs,"FR-12120DC GTR 2PCS","FR-12120DC GTR 2PCS",0.00,0
capo-wh-4-pcs,"CAPO WH 4 Pcs","CAPO WH 4 Pcs",0.00,0
delete-5,"Delete 5","Delete 5",0.00,0
ms-dbl--g,"MS DBL  G","MS DBL  G",0.00,0
la-112b-wh,"LA 112B WH","LA 112B WH",0.00,0
ms-mini-tri-ch-4pk,"MS MINI TRI CH 4PK","MS MINI TRI CH 4PK",0.00,0
sp-872-b-2pcs,"SP 872 B 2Pcs","SP 872 B 2Pcs",0.00,0
capo-blue-8-pcs,"CAPO BLUE 8 Pcs","CAPO BLUE 8 Pcs",0.00,0
dms-03,"DMS 03","DMS 03",0.00,0
ms-hd,"MS HD","MS HD",0.00,0
pm-816,"PM 816","PM 816",0.00,0
sp-12129-8ohm,"SP 12129 8OHM","SP 12129 8OHM",0.00,0
dp1-10pcs,"DP1 10PCS","DP1 10PCS",0.00,0
rh-18-+-du60,"RH 18 + DU60","RH 18 + DU60",0.00,0
mx-6ch-xl,"MX 6CH XL","MX 6CH XL",0.00,0
xlr-10-pair,"XLR 10 pair","XLR 10 pair",0.00,0
gs-ac--brss-6set,"GS AC  BRSS 6SET","GS AC  BRSS 6SET",0.00,0
sp-872-b-gtr-2pcs,"SP 872 B GTR 2PCS","SP 872 B GTR 2PCS",0.00,0
ms-rbs--12pk,"MS RBS  12PK","MS RBS  12PK",0.00,0
508~8pcs-+-amp-60-+-mic-dm5b,"508~8Pcs + Amp 60 + Mic DM5B","508~8Pcs + Amp 60 + Mic DM5B",0.00,0
wf-890g-gr-2pcs,"WF 890G GR 2Pcs","WF 890G GR 2Pcs",0.00,0
mc-05-4pcs,"MC 05 4PCS","MC 05 4PCS",0.00,0
pm-10,"PM 10","PM 10",0.00,0
mx-12ch-eff,"MX 12CH EFF","MX 12CH EFF",0.00,0
mx-4ch-xl,"MX 4CH XL","MX 4CH XL",0.00,0
capo-blk-8-pcs,"CAPO BLK 8 Pcs","CAPO BLK 8 Pcs",0.00,0
ms-rbs-ch,"MS RBS CH","MS RBS CH",0.00,0
gh-abs-r-1pc,"GH ABS R 1PC","GH ABS R 1PC",0.00,0
pa-xp-2500,"PA XP 2500","PA XP 2500",0.00,0
suh-150-2pcs,"SUH-150 2Pcs","SUH-150 2Pcs",0.00,0
sp-872-b,"SP 872 B","SP 872 B",0.00,0
gc-br-10f-1l-red,"GC-BR 10F 1L RED","GC-BR 10F 1L RED",0.00,0
pm--66k-3-pair,"PM -66k 3 pair","PM -66k 3 pair",0.00,0
screen--100,"SCREEN  100","SCREEN  100",0.00,0
suspended-11,"Suspended 11","Suspended 11",0.00,0
mx-8ch-eff,"MX 8CH EFF","MX 8CH EFF",0.00,0
pwr-spkon-m-f-blu-20pcs,"PWR SPKON M/F BLU 20PCS","PWR SPKON M/F BLU 20PCS",0.00,0
ms-hd-2pcs,"MS HD 2Pcs","MS HD 2Pcs",0.00,0
ss-hd-1-pk-wh,"SS HD 1 PK WH","SS HD 1 PK WH",0.00,0
hw-405-4pcs-,"HW 405 4PCS.","HW 405 4PCS.",0.00,0
wf-890-dbl-2-pcs,"WF 890 DBL 2 PCS","WF 890 DBL 2 PCS",0.00,0
fr-15-185-39ch,"FR-15-185 39CH","FR-15-185 39CH",0.00,0
pm-1o1-blk,"PM 1O1 BLK","PM 1O1 BLK",0.00,0
tw-307-rec,"TW 307 REC","TW 307 REC",0.00,0
mus-fld--2pcs,"MUS FLD  2PCS","MUS FLD  2PCS",0.00,0
508-blk-4pcs-+-amp-40-+-mm-5b,"508 BLK 4PCS + AMP 40 + MM 5B","508 BLK 4PCS + AMP 40 + MM 5B",0.00,0
solder-wire-8-pcs,"solder wire 8 pcs","solder wire 8 pcs",0.00,0
nd-58-blu-12pcs,"ND 58 BLU 12PCS","ND 58 BLU 12PCS",0.00,0
ss--hd-1pk,"SS  HD 1PK","SS  HD 1PK",0.00,0
ds-ch-blk--rest-lvr,"DS CH BLK  REST-LVR","DS CH BLK  REST-LVR",0.00,0
mp-3x3-2pcs,"MP 3X3 2PCS","MP 3X3 2PCS",0.00,0
ms-hd-4pcs,"MS HD 4PCS","MS HD 4PCS",0.00,0
ms-arm-w,"MS ARM W","MS ARM W",0.00,0
5c-amp-31,"5C AMP 31","5C AMP 31",0.00,0
gsh-hd-6pk,"GSH HD 6PK","GSH HD 6PK",0.00,0
suspended-2,"Suspended 2","Suspended 2",0.00,0
mic--whm-01,"MIC  WHM 01","MIC  WHM 01",0.00,0
wf-890-dbl,"WF 890 DBL","WF 890 DBL",0.00,0
rm-14-6set-p,"RM 14 6SET P","RM 14 6SET P",0.00,0
capo-blk-4-pcs,"CAPO BLK 4 Pcs","CAPO BLK 4 Pcs",0.00,0
arm-mob,"ARM MOB","ARM MOB",0.00,0
18220-17-al,"18220 17 AL","18220 17 AL",0.00,0
ks-dbl,"KS DBL","KS DBL",0.00,0
packet-250,"PACKET 250","PACKET 250",0.00,0
gs-el-10-set,"GS EL 10 SET","GS EL 10 SET",0.00,0
rm-6-blk,"RM 6 BLK","RM 6 BLK",0.00,0
ks-hd-2x,"KS HD 2X","KS HD 2X",0.00,0
ms-rbl-g,"MS RBL G","MS RBL G",0.00,0
fr-15-185-al-300w,"FR 15 185 AL 300W","FR 15 185 AL 300W",0.00,0
la-205-wh,"LA 205 WH","LA 205 WH",0.00,0
ms-dbl--4pcs,"MS DBL  4PCS","MS DBL  4PCS",0.00,0
15155-ms,"15155 MS","15155 MS",0.00,0
ss-hd-1-pk-red-bag,"SS HD 1 PK RED BAG","SS HD 1 PK RED BAG",0.00,0
gss-6pcs,"GSS 6PCS","GSS 6PCS",0.00,0
wf-690-pp,"WF 690 PP","WF 690 PP",0.00,0
hw-1-4pk,"HW 1 4PK","HW 1 4PK",0.00,0
mc-05-3pcs,"MC 05 3PCS","MC 05 3PCS",0.00,0
mc-01-3pcs,"MC 01 3PCS","MC 01 3PCS",0.00,0
ss-hd-1pk--bag,"SS HD 1PK  BAG","SS HD 1PK  BAG",0.00,0
mus--light,"MUS  LIGHT","MUS  LIGHT",0.00,0
15-155-ms,"15-155 MS","15-155 MS",0.00,0
ss-hd--2pk,"SS HD  2PK","SS HD  2PK",0.00,0
headphone-13-g,"HEADPHONE 13 G","HEADPHONE 13 G",0.00,0
suspended-34,"Suspended 34","Suspended 34",0.00,0
15185-07-al,"15185 07 AL","15185 07 AL",0.00,0
suspended-27,"Suspended 27","Suspended 27",0.00,0
mic-whm-01,"MIC WHM 01","MIC WHM 01",0.00,0
ht-4126,"HT 4126","HT 4126",0.00,0
hd-stnd-blk,"HD STND BLK","HD STND BLK",0.00,0
smh-blk,"SMH BLK","SMH BLK",0.00,0
fr-12185-12al,"FR 12185 12AL","FR 12185 12AL",0.00,0
suspended-3,"Suspended 3","Suspended 3",0.00,0
amp-sa35,"AMP SA35","AMP SA35",0.00,0
gh-wd-8pk,"GH WD 8PK","GH WD 8PK",0.00,0
fr-12135-wr,"FR 12135 WR","FR 12135 WR",0.00,0
ms-rbl-g-2pcs,"MS RBL G 2PCS","MS RBL G 2PCS",0.00,0
mixer-djm-1400,"MIXER DJM 1400","MIXER DJM 1400",0.00,0
15-185-22-al,"15-185 22 AL","15-185 22 AL",0.00,0
pm-66k-2-pcs,"PM-66K 2 pcs","PM-66K 2 pcs",0.00,0
mc-03-3pcs,"MC 03 3PCS","MC 03 3PCS",0.00,0
dp1-1pc,"DP1 1PC","DP1 1PC",0.00,0
dm608,DM608,DM608,0.00,0
15x2-400dx-2pcs,"15x2 400DX 2PCS","15x2 400DX 2PCS",0.00,0
wm-301-hh-gld,"WM 301 HH GLD","WM 301 HH GLD",0.00,0
gfs-01,"GFS 01","GFS 01",0.00,0
mc-06-3pcs,"MC 06 3PCS","MC 06 3PCS",0.00,0
nd-206x,ND-206X,ND-206X,0.00,0
mr-8-blt-r-8ohm,"MR 8 BLT R 8oHM","MR 8 BLT R 8oHM",0.00,0
gff-tp-blk,"GFF TP BLK","GFF TP BLK",0.00,0
ds-ch-org-vel-rest-lvr,"DS CH ORG-VEL REST LVR","DS CH ORG-VEL REST LVR",0.00,0
capo-al-red,"CAPO AL RED","CAPO AL RED",0.00,0
rtro-mic-ch-blk,"RTRO MIC CH BLK","RTRO MIC CH BLK",0.00,0
pm-1o1-blk-2pcs,"PM 1O1 BLK 2PCS","PM 1O1 BLK 2PCS",0.00,0
gh-abs-4pcs,"GH ABS 4Pcs","GH ABS 4Pcs",0.00,0
pm-100-2pcs,"PM 100 2PCS","PM 100 2PCS",0.00,0
gff-tp-gry,"GFF TP GRY","GFF TP GRY",0.00,0
ss-hd-1-pk-4-5-ft-red-wob,"SS HD 1 PK 4.5 FT RED WOB","SS HD 1 PK 4.5 FT RED WOB",0.00,0
ds-vel-blu-rest-swl,"DS VEL BLU REST-SWL","DS VEL BLU REST-SWL",0.00,0
tbms-80-hd-2pcs,"TBMS 80 HD 2PCs","TBMS 80 HD 2PCs",0.00,0
eda-80w-bt,"EDA 80W BT","EDA 80W BT",0.00,0
ss-hd-1pk-blk-bag,"SS HD 1PK BLK BAG","SS HD 1PK BLK BAG",0.00,0
ks-1x-wh+kbb-02-wh,"KS 1X WH+KBB 02 WH","KS 1X WH+KBB 02 WH",0.00,0
pm-757-2pcs,"PM 757 2PCS","PM 757 2PCS",0.00,0
mus-fld-red,"MUS FLD RED","MUS FLD RED",0.00,0
ss-hd-1-pk-4-5-ft-gr-wob,"SS HD 1 PK 4.5 FT GR WOB","SS HD 1 PK 4.5 FT GR WOB",0.00,0
gff-tp-wh,"GFF TP WH","GFF TP WH",0.00,0
ks-z1-eco-blk-whls,"KS Z1 ECO BLK WHLS","KS Z1 ECO BLK WHLS",0.00,0
pm-305-2pcs,"PM 305 2PCS","PM 305 2PCS",0.00,0
pm-816-2pcs,"PM 816 2PCS","PM 816 2PCS",0.00,0
ds-ch-wh-rest-lvr,"DS CH WH REST-LVR","DS CH WH REST-LVR",0.00,0
pnb-wd-hd-chry,"PNB WD HD CHRY","PNB WD HD CHRY",0.00,0
ks-2t-pnk,"KS 2T PNK","KS 2T PNK",0.00,0
dm-e7-grn,"DM E7 GRN","DM E7 GRN",0.00,0
btube-undr-st-150,"BTUBE UNDR ST 150","BTUBE UNDR ST 150",0.00,0
instru-mic-100-blk,"INSTRU MIC 100 BLK","INSTRU MIC 100 BLK",0.00,0
pm-817-ch,"PM 817 CH","PM 817 CH",0.00,0
dm-e9-prpl,"DM E9 PRPL","DM E9 PRPL",0.00,0
ds-vel-gr-rest-swl,"DS VEL GR REST-SWL","DS VEL GR REST-SWL",0.00,0
capo-al-blu,"CAPO AL BLU","CAPO AL BLU",0.00,0
ks-c-2td-slv-al,"KS C 2TD SLV AL","KS C 2TD SLV AL",0.00,0
ms-dbl-g-wh-2-pcs,"MS DBL G WH 2 PCS","MS DBL G WH 2 PCS",0.00,0
type-c-black-5pcs,"TYPE C BLACK 5Pcs","TYPE C BLACK 5Pcs",0.00,0
nd-235x,"ND 235X","ND 235X",0.00,0
ms-adp-m-blk-5838-12pcs,"MS ADP M BLK 5838 12PCS","MS ADP M BLK 5838 12PCS",0.00,0
ds-ch-red-sdl-hd,"DS CH RED SDL HD","DS CH RED SDL HD",0.00,0
gstool-rnd-blu-rest,"GSTOOL RND BLU REST","GSTOOL RND BLU REST",0.00,0
ps-whls-blk,"PS WHLS BLK","PS WHLS BLK",0.00,0
ds-vel-cmlbrw-rest-swl,"DS VEL CMLBRW REST-SWL","DS VEL CMLBRW REST-SWL",0.00,0
mx-4ch-2mic-gld,"MX 4CH 2MIC GLD","MX 4CH 2MIC GLD",0.00,0
ss-tri-base-64-blk,"SS TRI BASE 64 BLK","SS TRI BASE 64 BLK",0.00,0
